-- MySQL dump 10.13  Distrib 5.7.26, for Linux (x86_64)
--
-- Host: localhost    Database: scheduler
-- ------------------------------------------------------
-- Server version	5.7.26-0ubuntu0.18.10.1

/*!40101 SET @OLD_CHARACTER_SET_CLIENT=@@CHARACTER_SET_CLIENT */;
/*!40101 SET @OLD_CHARACTER_SET_RESULTS=@@CHARACTER_SET_RESULTS */;
/*!40101 SET @OLD_COLLATION_CONNECTION=@@COLLATION_CONNECTION */;
/*!40101 SET NAMES utf8 */;
/*!40103 SET @OLD_TIME_ZONE=@@TIME_ZONE */;
/*!40103 SET TIME_ZONE='+00:00' */;
/*!40014 SET @OLD_UNIQUE_CHECKS=@@UNIQUE_CHECKS, UNIQUE_CHECKS=0 */;
/*!40014 SET @OLD_FOREIGN_KEY_CHECKS=@@FOREIGN_KEY_CHECKS, FOREIGN_KEY_CHECKS=0 */;
/*!40101 SET @OLD_SQL_MODE=@@SQL_MODE, SQL_MODE='NO_AUTO_VALUE_ON_ZERO' */;
/*!40111 SET @OLD_SQL_NOTES=@@SQL_NOTES, SQL_NOTES=0 */;

--
-- Table structure for table `location`
--

DROP TABLE IF EXISTS `location`;
/*!40101 SET @saved_cs_client     = @@character_set_client */;
/*!40101 SET character_set_client = utf8 */;
CREATE TABLE `location` (
  `id` bigint(20) NOT NULL AUTO_INCREMENT,
  `created` datetime NOT NULL,
  `updated` datetime NOT NULL,
  `address` varchar(255) DEFAULT NULL,
  `email` varchar(255) DEFAULT NULL,
  `latitude` decimal(10,8) DEFAULT NULL,
  `longitude` decimal(11,8) DEFAULT NULL,
  `name` varchar(255) DEFAULT NULL,
  `phone` varchar(255) DEFAULT NULL,
  PRIMARY KEY (`id`),
  UNIQUE KEY `UK_p4nkloj9932pvpq48q9haruja` (`email`)
) ENGINE=InnoDB AUTO_INCREMENT=73 DEFAULT CHARSET=latin1;
/*!40101 SET character_set_client = @saved_cs_client */;

--
-- Dumping data for table `location`
--

LOCK TABLES `location` WRITE;
/*!40000 ALTER TABLE `location` DISABLE KEYS */;
INSERT INTO `location` VALUES (1,'2019-07-17 21:19:46','2019-07-17 21:19:46','99462 Patricia Keys Apt. 302','vhaynes@melton.org',NULL,NULL,'Alvarado and Sons','+21(3)5422472182'),(2,'2019-07-17 21:19:46','2019-07-17 21:19:46','9121 Solis Bypass',NULL,NULL,NULL,'Forbes-Williams',NULL),(3,'2019-07-17 21:19:46','2019-07-17 21:19:46','834 Jennifer Square','donaldford@yahoo.com',NULL,NULL,'Figueroa PLC','+42(7)4365400626'),(4,'2019-07-17 21:19:46','2019-07-17 21:19:46','98345 Kirby Villages Apt. 603',NULL,NULL,NULL,'Esparza PLC',NULL),(5,'2019-07-17 21:19:46','2019-07-17 21:19:46','7723 Montgomery Plains','christine99@gmail.com',NULL,NULL,'Spence Inc','752-825-2170x879'),(6,'2019-07-17 21:19:47','2019-07-17 21:19:47','1298 Gabriela Streets Suite 946',NULL,NULL,NULL,'Davis Group',NULL),(7,'2019-07-17 21:20:20','2019-07-17 21:20:20','47278 Johnson Shores','jeffreycarney@yahoo.com',NULL,NULL,'Yoder-White','(053)060-6108x200'),(8,'2019-07-17 21:20:20','2019-07-17 21:20:20','5440 Garcia Road Suite 448',NULL,NULL,NULL,'Barnes Ltd',NULL),(9,'2019-07-17 21:20:20','2019-07-17 21:20:20','36819 Steven Terrace Suite 144','elizabethperez@gmail.com',NULL,NULL,'Lopez, Johnson and Flores','02682783678'),(10,'2019-07-17 21:20:20','2019-07-17 21:20:20','3231 Heidi Station Apt. 693',NULL,NULL,NULL,'Potter, Byrd and Evans',NULL),(11,'2019-07-17 21:20:21','2019-07-17 21:20:21','6982 Anthony Freeway','washingtonkatie@gmail.com',NULL,NULL,'Bryant-Lee','1-925-448-1814x5082'),(12,'2019-07-17 21:20:21','2019-07-17 21:20:21','784 Scott Squares Suite 266',NULL,NULL,NULL,'Johnson-Foster',NULL),(13,'2019-07-17 21:20:21','2019-07-17 21:20:21','0984 Pamela Prairie','cjackson@smith.com',NULL,NULL,'Costa, Lewis and Schwartz','02533587757'),(14,'2019-07-17 21:20:21','2019-07-17 21:20:21','460 Moss Fields',NULL,NULL,NULL,'Wang-Nguyen',NULL),(15,'2019-07-17 21:20:21','2019-07-17 21:20:21','5615 Walker Avenue Suite 055','qmiller@vazquez-rios.com',NULL,NULL,'Steele-Church','(513)159-9821'),(16,'2019-07-17 21:20:21','2019-07-17 21:20:21','402 Bruce Place Suite 925',NULL,NULL,NULL,'Scott-Hart',NULL),(17,'2019-07-17 21:20:21','2019-07-17 21:20:21','472 Nielsen Port','bondcrystal@gmail.com',NULL,NULL,'Johnson LLC','1-019-749-5049'),(18,'2019-07-17 21:20:21','2019-07-17 21:20:21','348 Isaiah Turnpike',NULL,NULL,NULL,'Mccarthy-Sanchez',NULL),(19,'2019-07-17 21:20:21','2019-07-17 21:20:21','574 Cherry Rest Suite 695','slester@gmail.com',NULL,NULL,'Perez-Patrick','1-333-644-3800'),(20,'2019-07-17 21:20:21','2019-07-17 21:20:21','615 Galloway Village Suite 843',NULL,NULL,NULL,'Tucker Ltd',NULL),(21,'2019-07-17 21:20:21','2019-07-17 21:20:21','090 Rich Spurs','brian47@gmail.com',NULL,NULL,'Davis Group','655.161.8436x2778'),(22,'2019-07-17 21:20:21','2019-07-17 21:20:21','2844 Beck Hill',NULL,NULL,NULL,'Davis-Smith',NULL),(23,'2019-07-17 21:20:21','2019-07-17 21:20:21','77066 Mcconnell Shore Suite 949','fcarroll@yahoo.com',NULL,NULL,'Walton-Park','191-212-7780x89493'),(24,'2019-07-17 21:20:21','2019-07-17 21:20:21','9659 Walker Estates',NULL,NULL,NULL,'Bailey-Ingram',NULL),(25,'2019-07-17 21:20:22','2019-07-17 21:20:22','94123 Robinson Park Suite 489','jasonmiller@gray.com',NULL,NULL,'Wall and Sons','349.202.5764'),(26,'2019-07-17 21:20:22','2019-07-17 21:20:22','0190 Christian Streets',NULL,NULL,NULL,'Jordan-Shaffer',NULL),(27,'2019-07-17 21:20:22','2019-07-17 21:20:22','01469 Brown Shores Suite 146','grahamgregory@walker-gonzalez.com',NULL,NULL,'Watson, Case and Mccullough','436.793.4915'),(28,'2019-07-17 21:20:22','2019-07-17 21:20:22','3430 Thomas Fords Apt. 035',NULL,NULL,NULL,'Owens and Sons',NULL),(29,'2019-07-17 21:20:22','2019-07-17 21:20:22','421 Freeman Ridges','estradaalyssa@gmail.com',NULL,NULL,'Mccarthy, Meyer and Reynolds','453.305.1318x9717'),(30,'2019-07-17 21:20:22','2019-07-17 21:20:22','7929 Tiffany Loaf Apt. 257',NULL,NULL,NULL,'Scott, Martinez and Levine',NULL),(31,'2019-07-17 21:20:22','2019-07-17 21:20:22','013 Torres Lakes','lmitchell@moore-kirby.org',NULL,NULL,'Mckay-Flores','1-700-666-5476'),(32,'2019-07-17 21:20:22','2019-07-17 21:20:22','103 Ricky Branch',NULL,NULL,NULL,'Santos Inc',NULL),(33,'2019-07-17 21:20:22','2019-07-17 21:20:22','89707 David Cove Suite 479','brian65@jensen-carpenter.com',NULL,NULL,'Robinson and Sons','915-142-8168x0782'),(34,'2019-07-17 21:20:22','2019-07-17 21:20:22','326 Ortega Fort Suite 334',NULL,NULL,NULL,'Scott, Wallace and Chavez',NULL),(35,'2019-07-17 21:20:22','2019-07-17 21:20:22','4616 Clark Villages','kristina33@hotmail.com',NULL,NULL,'Burton, Hernandez and Montes','287-172-6109x256'),(36,'2019-07-17 21:20:22','2019-07-17 21:20:22','34401 Douglas Forks Suite 311',NULL,NULL,NULL,'Roberts Inc',NULL),(37,'2019-07-17 21:20:22','2019-07-17 21:20:22','286 Alexis Mountains','aperry@gmail.com',NULL,NULL,'Carson-Rice','479-977-8354x896'),(38,'2019-07-17 21:20:22','2019-07-17 21:20:22','0167 Meghan Dam',NULL,NULL,NULL,'Serrano-Ellison',NULL),(39,'2019-07-17 21:20:22','2019-07-17 21:20:22','1604 Erin Junctions Apt. 927','jonestrevor@yahoo.com',NULL,NULL,'Santiago, Martin and Carr','+35(8)5644416902'),(40,'2019-07-17 21:20:22','2019-07-17 21:20:22','1878 Alexis Flats',NULL,NULL,NULL,'Morrison Ltd',NULL),(41,'2019-07-17 21:20:22','2019-07-17 21:20:22','307 Jarvis Islands','moranrobert@lee-gamble.com',NULL,NULL,'Joseph-Reyes','1-952-350-7114x90168'),(42,'2019-07-17 21:20:22','2019-07-17 21:20:22','4144 Johnson Run Suite 803',NULL,NULL,NULL,'Anderson, Nash and Spencer',NULL),(43,'2019-07-17 21:20:23','2019-07-17 21:20:23','34612 Bennett Way','jenkinsjennifer@yahoo.com',NULL,NULL,'Barrett-Spence','396.716.0327x840'),(44,'2019-07-17 21:20:23','2019-07-17 21:20:23','055 Taylor Locks',NULL,NULL,NULL,'Simpson, King and Clayton',NULL),(45,'2019-07-17 21:20:23','2019-07-17 21:20:23','8217 Jackson Rest','angelaevans@keith.info',NULL,NULL,'Romero-Lee','675.993.2852x6268'),(46,'2019-07-17 21:20:23','2019-07-17 21:20:23','630 Myers Ramp',NULL,NULL,NULL,'Orozco-Fisher',NULL),(47,'2019-07-17 21:20:23','2019-07-17 21:20:23','28039 King Streets','scotthall@hotmail.com',NULL,NULL,'Robertson, Peters and Powell','(672)351-1979x5704'),(48,'2019-07-17 21:20:23','2019-07-17 21:20:23','0942 Jennifer Burgs Apt. 234',NULL,NULL,NULL,'Knox Inc',NULL),(49,'2019-07-17 21:20:23','2019-07-17 21:20:23','779 Mitchell Summit','danielle09@yahoo.com',NULL,NULL,'Gibson Inc','505-438-1711x77257'),(50,'2019-07-17 21:20:23','2019-07-17 21:20:23','954 Rose Rapid',NULL,NULL,NULL,'Gonzalez, Mullins and Carrillo',NULL),(51,'2019-07-17 21:20:23','2019-07-17 21:20:23','0607 Amanda Roads Suite 890','jeffreyadams@kelly-scott.org',NULL,NULL,'Washington-Reid','815.032.3513x39900'),(52,'2019-07-17 21:20:23','2019-07-17 21:20:23','396 Cruz Lights',NULL,NULL,NULL,'Mclean and Sons',NULL),(53,'2019-07-17 21:20:23','2019-07-17 21:20:23','00555 Cooper Isle Apt. 076','joshuarodriguez@gmail.com',NULL,NULL,'Craig LLC','(270)142-4542x18432'),(54,'2019-07-17 21:20:23','2019-07-17 21:20:23','6683 Briggs Heights',NULL,NULL,NULL,'Edwards, Guerrero and Sharp',NULL),(55,'2019-07-17 21:20:23','2019-07-17 21:20:23','815 Klein Well Suite 538','robert81@yahoo.com',NULL,NULL,'Brown, Thomas and Young','1-119-183-5931x426'),(56,'2019-07-17 21:20:23','2019-07-17 21:20:23','072 Gray Mountain Apt. 221',NULL,NULL,NULL,'Becker Ltd',NULL),(57,'2019-07-17 21:20:23','2019-07-17 21:20:23','20970 Orr Summit','ryanrobinson@yahoo.com',NULL,NULL,'Parker, Hansen and Knapp','363-884-7768'),(58,'2019-07-17 21:20:23','2019-07-17 21:20:23','582 Mckenzie Shoals',NULL,NULL,NULL,'Hill LLC',NULL),(59,'2019-07-17 21:20:24','2019-07-17 21:20:24','9815 Walker Trace Apt. 332','vtaylor@tyler.biz',NULL,NULL,'Nichols Ltd','552.015.6473'),(60,'2019-07-17 21:20:24','2019-07-17 21:20:24','97102 Moore Rapid Apt. 016',NULL,NULL,NULL,'Cole and Sons',NULL),(61,'2019-07-17 21:20:24','2019-07-17 21:20:24','62752 Jim Harbors','kathleen57@gmail.com',NULL,NULL,'Snyder PLC','+15(8)1792143048'),(62,'2019-07-17 21:20:24','2019-07-17 21:20:24','169 Cannon Islands',NULL,NULL,NULL,'Aguilar-Ramirez',NULL),(63,'2019-07-17 21:20:24','2019-07-17 21:20:24','4029 Watts Springs','suttonluke@gmail.com',NULL,NULL,'Larson LLC','111-859-7102x4573'),(64,'2019-07-17 21:20:24','2019-07-17 21:20:24','79252 Harvey Squares',NULL,NULL,NULL,'Graham PLC',NULL),(65,'2019-07-17 21:20:24','2019-07-17 21:20:24','08696 Jensen Plaza Apt. 703','mary31@yahoo.com',NULL,NULL,'Sanchez and Sons','(521)963-7302'),(66,'2019-07-17 21:20:24','2019-07-17 21:20:24','6327 Jones Rue',NULL,NULL,NULL,'Bradshaw, Maxwell and Roberts',NULL),(67,'2019-07-17 21:20:24','2019-07-17 21:20:24','6873 Charles Lane Suite 239','rmoss@ward.com',NULL,NULL,'Gutierrez-Griffith','1-285-760-7341'),(68,'2019-07-17 21:20:24','2019-07-17 21:20:24','855 French Run Suite 656',NULL,NULL,NULL,'Rollins Group',NULL),(69,'2019-07-17 21:20:24','2019-07-17 21:20:24','32667 Martinez Hills Suite 053','hsims@humphrey.biz',NULL,NULL,'Reyes LLC','524-610-9103'),(70,'2019-07-17 21:20:25','2019-07-17 21:20:25','2725 Webster Isle Suite 187',NULL,NULL,NULL,'Aguilar, Taylor and Buchanan',NULL),(71,'2019-07-17 21:20:25','2019-07-17 21:20:25','85765 Carol Spurs','reesebrian@bennett.com',NULL,NULL,'Davis, Weaver and White','794.138.4988x633'),(72,'2019-07-17 21:20:25','2019-07-17 21:20:25','1314 Park Dam Suite 053',NULL,NULL,NULL,'Harris-Neal',NULL);
/*!40000 ALTER TABLE `location` ENABLE KEYS */;
UNLOCK TABLES;

--
-- Table structure for table `person`
--

DROP TABLE IF EXISTS `person`;
/*!40101 SET @saved_cs_client     = @@character_set_client */;
/*!40101 SET character_set_client = utf8 */;
CREATE TABLE `person` (
  `id` bigint(20) NOT NULL AUTO_INCREMENT,
  `created` datetime NOT NULL,
  `updated` datetime NOT NULL,
  `is_active` bit(1) NOT NULL,
  `address` varchar(255) DEFAULT NULL,
  `email` varchar(255) DEFAULT NULL,
  `firstname` varchar(255) DEFAULT NULL,
  `lastname` varchar(255) DEFAULT NULL,
  `password` varchar(255) DEFAULT NULL,
  `person_type` int(11) DEFAULT NULL,
  `phone` varchar(255) DEFAULT NULL,
  PRIMARY KEY (`id`),
  UNIQUE KEY `UK_fwmwi44u55bo4rvwsv0cln012` (`email`)
) ENGINE=InnoDB AUTO_INCREMENT=38 DEFAULT CHARSET=latin1;
/*!40101 SET character_set_client = @saved_cs_client */;

--
-- Dumping data for table `person`
--

LOCK TABLES `person` WRITE;
/*!40000 ALTER TABLE `person` DISABLE KEYS */;
INSERT INTO `person` VALUES (1,'2019-07-17 21:19:46','2019-07-17 21:19:46',_binary '',NULL,'jasonodonnell@yahoo.com','Jason','ODonnell','$2a$10$1FlVgm3HGLq670ZB0RCxkOVOirt9zUt4t0HOLgraHfaWBJOHps.OO',1,NULL),(2,'2019-07-17 21:19:46','2019-07-17 21:20:22',_binary '','232 Pope Estates','uthomas@evans.com','Linda','Carr',NULL,3,'(704)941-4611'),(3,'2019-07-17 21:19:46','2019-07-17 21:20:23',_binary '','3454 Lauren Fords Apt. 040','kellypaula@hotmail.com','Carrie','Reeves',NULL,3,'+47(3)1035521873'),(4,'2019-07-17 21:19:46','2019-07-17 21:20:23',_binary '','40614 Rodriguez Station Suite 031','troyjordan@hotmail.com','Dawn','Hernandez',NULL,3,'1-248-837-2265x486'),(5,'2019-07-17 21:20:20','2019-07-17 21:20:24',_binary '','56006 Peterson Vista Apt. 306','jessica58@yahoo.com','Bradley','Daniel',NULL,3,'(343)182-8693x393'),(6,'2019-07-17 21:20:20','2019-07-17 21:20:23',_binary '','8003 Beth Ridge Suite 997','kimberlywong@lawson.com','John','Campbell',NULL,3,'191-364-0339x5760'),(7,'2019-07-17 21:20:21','2019-07-17 21:20:21',_binary '','9169 Neal Falls','jay82@perry-campbell.com','Robert','Huerta',NULL,3,'03523819892'),(8,'2019-07-17 21:20:21','2019-07-17 21:20:23',_binary '','13230 Parker Plain','heathernorman@gmail.com','Kenneth','Duarte',NULL,3,'051-633-1751'),(9,'2019-07-17 21:20:21','2019-07-17 21:20:21',_binary '','72184 Schmidt Mission Suite 400','hpeters@yahoo.com','Gregory','Adams',NULL,3,'161.231.9689x918'),(10,'2019-07-17 21:20:21','2019-07-17 21:20:23',_binary '','060 Munoz Station Suite 240','katelynsmith@hotmail.com','Kimberly','Schmidt',NULL,3,'781.738.2882x36327'),(11,'2019-07-17 21:20:21','2019-07-17 21:20:24',_binary '','185 Matthew Harbor Apt. 736','perrytammy@hotmail.com','Dawn','Lee',NULL,3,'256-936-6001'),(12,'2019-07-17 21:20:21','2019-07-17 21:20:24',_binary '','11462 Collier Mountain','iprice@cook.org','Vanessa','Cruz',NULL,3,'480-267-3811x0083'),(13,'2019-07-17 21:20:21','2019-07-17 21:20:21',_binary '','972 Anthony Knolls','wsmith@gmail.com','Matthew','Spears',NULL,3,'254-940-9155x236'),(14,'2019-07-17 21:20:22','2019-07-17 21:20:23',_binary '','98428 Jackson Turnpike','twilson@hotmail.com','Jessica','Williams',NULL,3,'1-449-839-5410x61453'),(15,'2019-07-17 21:20:22','2019-07-17 21:20:22',_binary '','1430 Murphy Row Apt. 942','kevin74@booth-murray.org','Jennifer','Cantu',NULL,3,'930-623-2638x04722'),(16,'2019-07-17 21:20:22','2019-07-17 21:20:23',_binary '','0562 Robertson Turnpike','alexanderrobert@yahoo.com','Brent','Jenkins',NULL,3,'(631)272-3458x35306'),(17,'2019-07-17 21:20:22','2019-07-17 21:20:22',_binary '','303 Young Junction Apt. 386','ericwest@gmail.com','Brian','Baker',NULL,3,'(135)481-1108x683'),(18,'2019-07-17 21:20:22','2019-07-17 21:20:23',_binary '','50921 Thornton Squares','shannonfernandez@frank.com','Maria','Dixon',NULL,3,'334.954.3802x47675'),(19,'2019-07-17 21:20:22','2019-07-17 21:20:22',_binary '','287 Thomas Center','kathryn68@myers-little.biz','Becky','Thompson',NULL,3,'(605)972-0274x564'),(20,'2019-07-17 21:20:22','2019-07-17 21:20:22',_binary '','3976 Katherine Plaza Apt. 357','sjuarez@gmail.com','Antonio','Perry',NULL,3,'00421723436'),(21,'2019-07-17 21:20:22','2019-07-17 21:20:24',_binary '','48035 John Village','douglas10@wilcox.com','Elizabeth','Holt',NULL,3,'696.358.7706x884'),(22,'2019-07-17 21:20:22','2019-07-17 21:20:22',_binary '','7130 Steven Mount Apt. 899','baileymichelle@dixon.com','David','Garcia',NULL,3,'+94(4)1994903095'),(23,'2019-07-17 21:20:23','2019-07-17 21:20:23',_binary '','26563 Jeffrey Brook','jbradley@barnes.org','Sarah','Rhodes',NULL,3,'(221)614-7419'),(24,'2019-07-17 21:20:23','2019-07-17 21:20:23',_binary '','83218 Karla Pike Apt. 571','paul31@hotmail.com','Zachary','Flores',NULL,3,'668-795-4588'),(25,'2019-07-17 21:20:23','2019-07-17 21:20:25',_binary '','0442 Evan Orchard Apt. 314','jeannejoseph@yahoo.com','Amanda','Johnson',NULL,3,'02936965048'),(26,'2019-07-17 21:20:23','2019-07-17 21:20:23',_binary '','135 Sara Roads','nicole22@cruz-barnett.org','Kristy','Russell',NULL,3,'1-931-998-0772'),(27,'2019-07-17 21:20:23','2019-07-17 21:20:23',_binary '','81088 Tammy Canyon','josephmaldonado@walter-chambers.biz','Lisa','Wiley',NULL,3,'09143875828'),(28,'2019-07-17 21:20:23','2019-07-17 21:20:23',_binary '','04089 Thomas Summit Apt. 620','barberallison@yahoo.com','Sheila','Barr',NULL,3,'798.948.7296'),(29,'2019-07-17 21:20:23','2019-07-17 21:20:23',_binary '','734 William Corners','holmeswilliam@hughes-sexton.com','Rick','Martinez',NULL,3,'436.665.1897'),(30,'2019-07-17 21:20:23','2019-07-17 21:20:23',_binary '','50158 Wolfe Forge','cgraves@ortiz-davis.com','Michael','Hardin',NULL,3,'404-319-9455x836'),(31,'2019-07-17 21:20:24','2019-07-17 21:20:25',_binary '','103 Aguilar Ranch','zcraig@hotmail.com','Claire','Peters',NULL,3,'1-938-776-9733x10869'),(32,'2019-07-17 21:20:24','2019-07-17 21:20:24',_binary '','1111 Clarke Run','jasonmcclain@gmail.com','Gabriel','Daniel',NULL,3,'813.124.2811x4101'),(33,'2019-07-17 21:20:24','2019-07-17 21:20:24',_binary '','80025 Linda Key','edward72@bailey.org','Amanda','West',NULL,3,'245-084-9072'),(34,'2019-07-17 21:20:24','2019-07-17 21:20:24',_binary '','9372 Jacob Roads Apt. 300','teresaweaver@moore.com','Julie','Moore',NULL,3,'456-418-0626x719'),(35,'2019-07-17 21:20:24','2019-07-17 21:20:24',_binary '','1307 Denise Lock Apt. 352','ayersthomas@cunningham-cervantes.com','Steven','Dunn',NULL,3,'(907)393-3046x0690'),(36,'2019-07-17 21:20:24','2019-07-17 21:20:24',_binary '','626 Martinez Well Apt. 189','pwilson@gonzalez-obrien.com','Mitchell','Carr',NULL,3,'1-048-543-7350'),(37,'2019-07-17 21:20:25','2019-07-17 21:20:25',_binary '','9022 Stacie Plain Suite 638','nathan38@frazier.info','Annette','Ryan',NULL,3,'(784)204-1130');
/*!40000 ALTER TABLE `person` ENABLE KEYS */;
UNLOCK TABLES;

--
-- Table structure for table `schedule`
--

DROP TABLE IF EXISTS `schedule`;
/*!40101 SET @saved_cs_client     = @@character_set_client */;
/*!40101 SET character_set_client = utf8 */;
CREATE TABLE `schedule` (
  `id` bigint(20) NOT NULL AUTO_INCREMENT,
  `created` datetime NOT NULL,
  `updated` datetime NOT NULL,
  `completed` bit(1) DEFAULT NULL,
  `end` datetime NOT NULL,
  `location_id` int(11) NOT NULL,
  `pay_rate` decimal(19,2) DEFAULT NULL,
  `person_id` int(11) NOT NULL,
  `start` datetime NOT NULL,
  PRIMARY KEY (`id`)
) ENGINE=InnoDB AUTO_INCREMENT=102 DEFAULT CHARSET=latin1;
/*!40101 SET character_set_client = @saved_cs_client */;

--
-- Dumping data for table `schedule`
--

LOCK TABLES `schedule` WRITE;
/*!40000 ALTER TABLE `schedule` DISABLE KEYS */;
INSERT INTO `schedule` VALUES (1,'2019-07-17 21:19:46','2019-07-17 21:19:46',_binary '\0','2019-04-03 06:01:16',1,47.00,2,'2019-04-03 05:01:16'),(2,'2019-07-17 21:19:46','2019-07-17 21:19:46',_binary '\0','2019-08-05 23:39:01',1,45.00,2,'2019-08-05 22:39:01'),(3,'2019-07-17 21:19:46','2019-07-17 21:19:46',_binary '\0','2019-08-14 16:50:19',2,28.00,3,'2019-08-14 15:50:19'),(4,'2019-07-17 21:19:47','2019-07-17 21:19:47',_binary '\0','2019-05-22 00:18:22',2,44.00,3,'2019-05-21 23:18:22'),(5,'2019-07-17 21:19:47','2019-07-17 21:19:47',_binary '\0','2019-07-25 05:22:08',2,45.00,3,'2019-07-25 04:22:08'),(6,'2019-07-17 21:19:47','2019-07-17 21:19:47',_binary '','2019-03-29 05:41:50',2,50.00,3,'2019-03-29 04:41:50'),(7,'2019-07-17 21:20:20','2019-07-17 21:20:20',_binary '\0','2019-05-27 06:31:00',4,43.00,5,'2019-05-27 05:31:00'),(8,'2019-07-17 21:20:20','2019-07-17 21:20:20',_binary '\0','2019-09-14 06:42:39',4,27.00,5,'2019-09-14 05:42:39'),(9,'2019-07-17 21:20:20','2019-07-17 21:20:20',_binary '\0','2019-06-09 10:16:40',4,21.00,5,'2019-06-09 09:16:40'),(10,'2019-07-17 21:20:20','2019-07-17 21:20:20',_binary '\0','2019-09-16 05:38:44',4,48.00,5,'2019-09-16 04:38:44'),(11,'2019-07-17 21:20:20','2019-07-17 21:20:20',_binary '\0','2019-06-19 11:32:30',4,39.00,5,'2019-06-19 10:32:30'),(12,'2019-07-17 21:20:21','2019-07-17 21:20:21',_binary '\0','2019-10-26 01:27:01',2,12.00,3,'2019-10-26 00:27:01'),(13,'2019-07-17 21:20:21','2019-07-17 21:20:21',_binary '\0','2019-06-06 11:37:35',2,25.00,3,'2019-06-06 10:37:35'),(14,'2019-07-17 21:20:21','2019-07-17 21:20:21',_binary '\0','2019-08-08 16:16:10',2,39.00,3,'2019-08-08 15:16:10'),(15,'2019-07-17 21:20:21','2019-07-17 21:20:21',_binary '\0','2019-05-23 09:53:01',2,14.00,2,'2019-05-23 08:53:01'),(16,'2019-07-17 21:20:21','2019-07-17 21:20:21',_binary '\0','2019-08-02 04:12:55',2,24.00,2,'2019-08-02 03:12:55'),(17,'2019-07-17 21:20:21','2019-07-17 21:20:21',_binary '\0','2019-09-08 13:40:28',2,31.00,2,'2019-09-08 12:40:28'),(18,'2019-07-17 21:20:21','2019-07-17 21:20:21',_binary '\0','2019-08-09 01:03:23',9,46.00,5,'2019-08-09 00:03:23'),(19,'2019-07-17 21:20:21','2019-07-17 21:20:21',_binary '\0','2019-09-17 06:42:04',12,40.00,2,'2019-09-17 05:42:04'),(20,'2019-07-17 21:20:21','2019-07-17 21:20:21',_binary '\0','2019-04-25 05:50:41',11,12.00,6,'2019-04-25 04:50:41'),(21,'2019-07-17 21:20:21','2019-07-17 21:20:21',_binary '\0','2019-04-06 19:54:35',11,50.00,6,'2019-04-06 18:54:35'),(22,'2019-07-17 21:20:21','2019-07-17 21:20:21',_binary '\0','2019-04-06 14:18:17',11,28.00,6,'2019-04-06 13:18:17'),(23,'2019-07-17 21:20:21','2019-07-17 21:20:21',_binary '\0','2019-06-19 00:33:08',11,48.00,6,'2019-06-18 23:33:08'),(24,'2019-07-17 21:20:21','2019-07-17 21:20:21',_binary '\0','2019-09-04 02:14:01',11,15.00,6,'2019-09-04 01:14:01'),(25,'2019-07-17 21:20:21','2019-07-17 21:20:21',_binary '\0','2019-04-12 22:12:07',8,27.00,11,'2019-04-12 21:12:07'),(26,'2019-07-17 21:20:21','2019-07-17 21:20:21',_binary '\0','2019-04-24 23:23:01',8,36.00,11,'2019-04-24 22:23:01'),(27,'2019-07-17 21:20:21','2019-07-17 21:20:21',_binary '\0','2019-11-10 05:24:53',8,33.00,11,'2019-11-10 04:24:53'),(28,'2019-07-17 21:20:21','2019-07-17 21:20:21',_binary '\0','2019-10-04 04:44:36',8,50.00,11,'2019-10-04 03:44:36'),(29,'2019-07-17 21:20:21','2019-07-17 21:20:21',_binary '\0','2019-09-20 08:52:00',8,13.00,11,'2019-09-20 07:52:00'),(30,'2019-07-17 21:20:21','2019-07-17 21:20:21',_binary '\0','2019-06-03 03:17:24',16,50.00,10,'2019-06-03 02:17:24'),(31,'2019-07-17 21:20:21','2019-07-17 21:20:21',_binary '\0','2019-07-11 01:05:14',16,25.00,10,'2019-07-11 00:05:14'),(32,'2019-07-17 21:20:21','2019-07-17 21:20:21',_binary '\0','2019-08-17 21:03:59',16,46.00,10,'2019-08-17 20:03:59'),(33,'2019-07-17 21:20:21','2019-07-17 21:20:21',_binary '\0','2019-06-21 01:07:22',16,39.00,10,'2019-06-21 00:07:22'),(34,'2019-07-17 21:20:21','2019-07-17 21:20:21',_binary '\0','2019-06-21 21:01:12',10,49.00,7,'2019-06-21 20:01:12'),(35,'2019-07-17 21:20:21','2019-07-17 21:20:21',_binary '\0','2019-04-20 14:01:18',10,15.00,7,'2019-04-20 13:01:18'),(36,'2019-07-17 21:20:21','2019-07-17 21:20:21',_binary '\0','2019-05-27 09:59:34',10,34.00,7,'2019-05-27 08:59:34'),(37,'2019-07-17 21:20:22','2019-07-17 21:20:22',_binary '\0','2019-11-04 07:52:47',8,46.00,4,'2019-11-04 06:52:47'),(38,'2019-07-17 21:20:22','2019-07-17 21:20:22',_binary '\0','2019-08-17 02:58:09',8,37.00,4,'2019-08-17 01:58:09'),(39,'2019-07-17 21:20:22','2019-07-17 21:20:22',_binary '\0','2019-09-09 07:24:33',14,50.00,2,'2019-09-09 06:24:33'),(40,'2019-07-17 21:20:22','2019-07-17 21:20:22',_binary '\0','2019-08-01 18:28:52',13,13.00,16,'2019-08-01 17:28:52'),(41,'2019-07-17 21:20:22','2019-07-17 21:20:22',_binary '\0','2019-09-02 04:56:32',13,24.00,16,'2019-09-02 03:56:32'),(42,'2019-07-17 21:20:22','2019-07-17 21:20:22',_binary '\0','2019-08-30 10:55:56',13,40.00,16,'2019-08-30 09:55:56'),(43,'2019-07-17 21:20:22','2019-07-17 21:20:22',_binary '\0','2019-07-31 08:57:32',13,15.00,16,'2019-07-31 07:57:32'),(44,'2019-07-17 21:20:22','2019-07-17 21:20:22',_binary '\0','2019-06-28 13:28:25',13,47.00,16,'2019-06-28 12:28:25'),(45,'2019-07-17 21:20:22','2019-07-17 21:20:22',_binary '\0','2019-10-04 20:39:25',25,13.00,14,'2019-10-04 19:39:25'),(46,'2019-07-17 21:20:22','2019-07-17 21:20:22',_binary '\0','2019-11-03 07:03:40',25,41.00,14,'2019-11-03 06:03:40'),(47,'2019-07-17 21:20:22','2019-07-17 21:20:22',_binary '\0','2019-09-25 01:17:27',28,23.00,3,'2019-09-25 00:17:27'),(48,'2019-07-17 21:20:22','2019-07-17 21:20:22',_binary '\0','2019-06-20 16:27:09',28,19.00,3,'2019-06-20 15:27:09'),(49,'2019-07-17 21:20:22','2019-07-17 21:20:22',_binary '\0','2019-08-31 05:49:27',28,19.00,3,'2019-08-31 04:49:27'),(50,'2019-07-17 21:20:22','2019-07-17 21:20:22',_binary '\0','2019-04-10 06:55:32',18,20.00,16,'2019-04-10 05:55:32'),(51,'2019-07-17 21:20:22','2019-07-17 21:20:22',_binary '\0','2019-08-07 22:11:29',18,25.00,16,'2019-08-07 21:11:29'),(52,'2019-07-17 21:20:22','2019-07-17 21:20:22',_binary '\0','2019-10-28 18:56:36',18,36.00,16,'2019-10-28 17:56:36'),(53,'2019-07-17 21:20:22','2019-07-17 21:20:22',_binary '\0','2019-05-27 10:30:49',22,34.00,11,'2019-05-27 09:30:49'),(54,'2019-07-17 21:20:22','2019-07-17 21:20:22',_binary '\0','2019-07-17 13:40:38',26,34.00,2,'2019-07-17 12:40:38'),(55,'2019-07-17 21:20:23','2019-07-17 21:20:23',_binary '\0','2019-06-07 23:04:08',29,32.00,3,'2019-06-07 22:04:08'),(56,'2019-07-17 21:20:23','2019-07-17 21:20:23',_binary '\0','2019-10-08 07:52:49',29,15.00,3,'2019-10-08 06:52:49'),(57,'2019-07-17 21:20:23','2019-07-17 21:20:23',_binary '\0','2019-10-07 12:44:55',7,27.00,14,'2019-10-07 11:44:55'),(58,'2019-07-17 21:20:23','2019-07-17 21:20:23',_binary '\0','2019-06-22 04:39:58',7,25.00,14,'2019-06-22 03:39:58'),(59,'2019-07-17 21:20:23','2019-07-17 21:20:23',_binary '\0','2019-08-01 18:46:57',43,36.00,23,'2019-08-01 17:46:57'),(60,'2019-07-17 21:20:23','2019-07-17 21:20:23',_binary '\0','2019-07-04 14:55:42',42,39.00,10,'2019-07-04 13:55:42'),(61,'2019-07-17 21:20:23','2019-07-17 21:20:23',_binary '\0','2019-03-24 06:22:01',42,28.00,10,'2019-03-24 05:22:01'),(62,'2019-07-17 21:20:23','2019-07-17 21:20:23',_binary '\0','2019-09-04 21:28:09',42,47.00,10,'2019-09-04 20:28:09'),(63,'2019-07-17 21:20:23','2019-07-17 21:20:23',_binary '\0','2019-09-08 02:01:21',42,16.00,10,'2019-09-08 01:01:21'),(64,'2019-07-17 21:20:23','2019-07-17 21:20:23',_binary '\0','2019-06-01 03:39:30',15,23.00,6,'2019-06-01 02:39:30'),(65,'2019-07-17 21:20:23','2019-07-17 21:20:23',_binary '\0','2019-07-24 02:41:48',15,29.00,6,'2019-07-24 01:41:48'),(66,'2019-07-17 21:20:23','2019-07-17 21:20:23',_binary '\0','2019-09-26 06:09:43',15,19.00,6,'2019-09-26 05:09:43'),(67,'2019-07-17 21:20:23','2019-07-17 21:20:23',_binary '\0','2019-08-26 04:40:38',5,41.00,16,'2019-08-26 03:40:38'),(68,'2019-07-17 21:20:23','2019-07-17 21:20:23',_binary '\0','2019-07-18 02:58:04',5,30.00,16,'2019-07-18 01:58:04'),(69,'2019-07-17 21:20:23','2019-07-17 21:20:23',_binary '\0','2019-10-15 23:53:11',5,35.00,16,'2019-10-15 22:53:11'),(70,'2019-07-17 21:20:23','2019-07-17 21:20:23',_binary '\0','2019-06-24 20:14:45',5,49.00,16,'2019-06-24 19:14:45'),(71,'2019-07-17 21:20:23','2019-07-17 21:20:23',_binary '\0','2019-08-03 23:58:30',35,13.00,8,'2019-08-03 22:58:30'),(72,'2019-07-17 21:20:23','2019-07-17 21:20:23',_binary '\0','2019-04-20 15:09:16',18,47.00,18,'2019-04-20 14:09:16'),(73,'2019-07-17 21:20:23','2019-07-17 21:20:23',_binary '\0','2019-04-01 04:54:17',18,29.00,18,'2019-04-01 03:54:17'),(74,'2019-07-17 21:20:23','2019-07-17 21:20:23',_binary '\0','2019-05-13 20:11:23',18,35.00,18,'2019-05-13 19:11:23'),(75,'2019-07-17 21:20:23','2019-07-17 21:20:23',_binary '\0','2019-05-19 20:10:28',18,15.00,18,'2019-05-19 19:10:28'),(76,'2019-07-17 21:20:23','2019-07-17 21:20:23',_binary '\0','2019-10-15 08:39:33',18,44.00,18,'2019-10-15 07:39:33'),(77,'2019-07-17 21:20:24','2019-07-17 21:20:24',_binary '\0','2019-06-01 08:59:25',16,36.00,4,'2019-06-01 07:59:25'),(78,'2019-07-17 21:20:24','2019-07-17 21:20:24',_binary '\0','2019-04-12 22:47:25',16,37.00,4,'2019-04-12 21:47:25'),(79,'2019-07-17 21:20:24','2019-07-17 21:20:24',_binary '\0','2019-04-01 17:10:00',16,22.00,4,'2019-04-01 16:10:00'),(80,'2019-07-17 21:20:24','2019-07-17 21:20:24',_binary '\0','2019-05-21 19:29:51',42,49.00,5,'2019-05-21 18:29:51'),(81,'2019-07-17 21:20:24','2019-07-17 21:20:24',_binary '\0','2019-04-03 02:48:24',42,50.00,5,'2019-04-03 01:48:24'),(82,'2019-07-17 21:20:24','2019-07-17 21:20:24',_binary '\0','2019-09-30 23:06:46',18,32.00,12,'2019-09-30 22:06:46'),(83,'2019-07-17 21:20:24','2019-07-17 21:20:24',_binary '\0','2019-04-11 13:14:03',18,42.00,12,'2019-04-11 12:14:03'),(84,'2019-07-17 21:20:24','2019-07-17 21:20:24',_binary '\0','2019-10-28 03:35:07',18,38.00,12,'2019-10-28 02:35:07'),(85,'2019-07-17 21:20:24','2019-07-17 21:20:24',_binary '\0','2019-09-17 22:34:24',41,34.00,21,'2019-09-17 21:34:24'),(86,'2019-07-17 21:20:24','2019-07-17 21:20:24',_binary '\0','2019-08-11 09:09:37',41,34.00,21,'2019-08-11 08:09:37'),(87,'2019-07-17 21:20:24','2019-07-17 21:20:24',_binary '\0','2019-06-24 18:40:53',41,38.00,21,'2019-06-24 17:40:53'),(88,'2019-07-17 21:20:24','2019-07-17 21:20:24',_binary '\0','2019-11-02 01:45:54',54,14.00,11,'2019-11-02 00:45:54'),(89,'2019-07-17 21:20:24','2019-07-17 21:20:24',_binary '\0','2019-08-29 21:51:48',54,40.00,11,'2019-08-29 20:51:48'),(90,'2019-07-17 21:20:24','2019-07-17 21:20:24',_binary '\0','2019-10-29 21:59:29',54,30.00,11,'2019-10-29 20:59:29'),(91,'2019-07-17 21:20:24','2019-07-17 21:20:24',_binary '\0','2019-07-08 22:11:03',64,23.00,12,'2019-07-08 21:11:03'),(92,'2019-07-17 21:20:25','2019-07-17 21:20:25',_binary '\0','2019-04-29 07:43:04',23,31.00,25,'2019-04-29 06:43:04'),(93,'2019-07-17 21:20:25','2019-07-17 21:20:25',_binary '\0','2019-07-18 17:13:15',23,29.00,25,'2019-07-18 16:13:15'),(94,'2019-07-17 21:20:25','2019-07-17 21:20:25',_binary '\0','2019-10-11 00:27:51',23,34.00,25,'2019-10-10 23:27:51'),(95,'2019-07-17 21:20:25','2019-07-17 21:20:25',_binary '\0','2019-04-04 15:08:51',23,32.00,25,'2019-04-04 14:08:51'),(96,'2019-07-17 21:20:25','2019-07-17 21:20:25',_binary '\0','2019-07-26 20:54:06',4,47.00,31,'2019-07-26 19:54:06'),(97,'2019-07-17 21:20:25','2019-07-17 21:20:25',_binary '\0','2019-04-08 21:03:30',4,42.00,31,'2019-04-08 20:03:30'),(98,'2019-07-17 21:20:25','2019-07-17 21:20:25',_binary '\0','2019-06-26 13:40:55',4,35.00,31,'2019-06-26 12:40:55'),(99,'2019-07-17 21:20:25','2019-07-17 21:20:25',_binary '\0','2019-04-21 01:41:37',4,15.00,31,'2019-04-21 00:41:37'),(100,'2019-07-17 21:20:25','2019-07-17 21:20:25',_binary '\0','2019-08-03 19:22:02',4,47.00,31,'2019-08-03 18:22:02'),(101,'2019-07-17 21:20:25','2019-07-17 21:20:25',_binary '','2019-09-28 18:21:00',4,31.00,31,'2019-09-28 17:21:00');
/*!40000 ALTER TABLE `schedule` ENABLE KEYS */;
UNLOCK TABLES;
/*!40103 SET TIME_ZONE=@OLD_TIME_ZONE */;

/*!40101 SET SQL_MODE=@OLD_SQL_MODE */;
/*!40014 SET FOREIGN_KEY_CHECKS=@OLD_FOREIGN_KEY_CHECKS */;
/*!40014 SET UNIQUE_CHECKS=@OLD_UNIQUE_CHECKS */;
/*!40101 SET CHARACTER_SET_CLIENT=@OLD_CHARACTER_SET_CLIENT */;
/*!40101 SET CHARACTER_SET_RESULTS=@OLD_CHARACTER_SET_RESULTS */;
/*!40101 SET COLLATION_CONNECTION=@OLD_COLLATION_CONNECTION */;
/*!40111 SET SQL_NOTES=@OLD_SQL_NOTES */;

-- Dump completed on 2019-07-17 14:21:51
